{
	"room1": {
		"name": "Room 1",
		"thumb": "images/room1/background.jpg",
		"image": "images/room1/background.jpg",
		"mask": [
			{
				"hotspot": {"x":0.2,"y":0.2},
				"mask": "images/room1/mask1.png"
			},
			{
				"hotspot":  {"x":0.5,"y":0.2},
				"mask": "images/room1/mask2.png"
			},
			{
				"hotspot": {"x":0.8,"y":0.2},
				"mask": "images/room1/mask3.png"
			}
		],
		"tags": ["Room"]
	},
	"room2": {
		"name": "Room 2",
		"thumb": "images/room1/background.jpg",
		"image": "images/room1/background.jpg",
		"mask": [
			{
				"hotspot": {"x":0.2,"y":0.5},
				"mask": "images/room1/mask1.png"
			},
			{
				"hotspot": {"x":0.5,"y":0.5},
				"mask": "images/room1/mask2.png"
			},
			{
				"hotspot": {"x":0.8,"y":0.5},
				"mask": "images/room1/mask3.png"
			}
		],
		"tags": ["Badrom"]
	},
	"room3": {
		"name": "Room 3",
		"thumb": "images/room1/background.jpg",
		"image": "images/room1/background.jpg",
		"mask": [
			{
				"hotspot": {"x":0.2,"y":0.8},
				"mask": "images/room1/mask1.png"
			},
			{
				"hotspot": {"x":0.5,"y":0.8},
				"mask": "images/room1/mask2.png"
			},
			{
				"hotspot": {"x":0.8,"y":0.8},
				"mask": "images/room1/mask3.png"
			}
		],
		"tags": ["Room","Badrom"]
	}
}